{"cameraMode":{"drawMode":0,"name":"Shaded","section":"Shading Mode"},"sceneLighting":false,"audioPlay":false,"sceneViewState":{"showFog":false,"showMaterialUpdate":false,"showSkybox":false,"showFlares":false,"showImageEffects":false,"showParticleSystems":false},"in2DMode":false,"pivot":{"x":-3.4700000286102297,"y":0.9700000286102295,"z":0.0},"rotation":{"x":-0.08215649425983429,"y":-0.21882221102714539,"z":0.018484778702259065,"w":-0.972133219242096},"size":0.4697639048099518,"orthographic":false}